day_tem,night_tem,tm_date
-4,-11,20110101
-6,-12,20110102
-5,-14,20110103
-6,-16,20110104
-9,-19,20110105
-8,-16,20110106
-8,-16,20110107
-8,-17,20110108
-9,-14,20110109
-8,-17,20110110
-5,-16,20110111
-3,-15,20110112
-2,-13,20110113
-8,-18,20110114
-7,-17,20110115
-7,-18,20110116
-6,-18,20110117
-7,-17,20110118
-5,-14,20110119
-4,-12,20110120
-3,-13,20110121
-4,-16,20110122
-4,-15,20110123
-3,-14,20110124
-3,-14,20110125
-7,-11,20110126
-6,-15,20110127
-6,-17,20110128
-4,-18,20110129
-4,-16,20110130
-3,-13,20110131
2,-13,20110201
0,-11,20110202
4,-11,20110203
3,-6,20110204
7,-7,20110205
10,-5,20110206
7,-6,20110207
7,-4,20110208
5,-6,20110209
3,-10,20110210
5,-6,20110211
1,-11,20110212
0,-12,20110213
5,-8,20110214
5,-8,20110215
4,-9,20110216
4,-4,20110217
0,-7,20110218
7,-7,20110219
8,-6,20110220
10,-5,20110221
11,-3,20110222
13,-2,20110223
11,-1,20110224
6,-2,20110225
3,-3,20110226
4,-5,20110227
0,-10,20110228
3,-7,20110301
5,-9,20110302
6,-7,20110303
1,-5,20110304
6,-8,20110305
7,-6,20110306
9,-4,20110307
8,-7,20110308
7,-7,20110309
11,-4,20110310
16,1,20110311
20,2,20110312
5,-7,20110313
2,-8,20110314
4,-8,20110315
11,-3,20110316
8,-6,20110317
7,-2,20110318
5,-4,20110319
5,-5,20110320
3,-8,20110321
5,-6,20110322
5,-7,20110323
5,-8,20110324
8,-5,20110325
9,-5,20110326
10,-4,20110327
14,-2,20110328
17,2,20110329
19,4,20110330
17,7,20110331
15,1,20110401
13,1,20110402
15,3,20110403
17,5,20110404
12,4,20110405
11,2,20110406
12,0,20110407
16,4,20110408
20,3,20110409
14,0,20110410
20,5,20110411
23,9,20110412
24,10,20110413
23,7,20110414
22,8,20110415
24,11,20110416
19,5,20110417
22,7,20110418
25,12,20110419
23,9,20110420
21,6,20110421
22,6,20110422
24,6,20110423
28,13,20110424
25,8,20110425
22,7,20110426
22,10,20110427
29,15,20110428
21,4,20110429
19,5,20110430
19,8,20110501
22,10,20110502
18,10,20110503
26,8,20110504
21,10,20110505
24,12,20110506
27,15,20110507
21,12,20110508
18,8,20110509
22,12,20110510
17,4,20110511
19,6,20110512
21,8,20110513
23,13,20110514
26,12,20110515
29,17,20110516
32,18,20110517
27,13,20110518
22,10,20110519
16,7,20110520
17,7,20110521
22,9,20110522
25,12,20110523
23,14,20110524
26,13,20110525
28,13,20110526
30,16,20110527
28,19,20110528
27,14,20110529
25,12,20110530
28,11,20110531
28,15,20110601
30,16,20110602
31,18,20110603
28,17,20110604
29,19,20110605
32,19,20110606
34,18,20110607
31,19,20110608
27,16,20110609
29,17,20110610
30,16,20110611
31,18,20110612
33,20,20110613
35,21,20110614
36,21,20110615
33,21,20110616
28,19,20110617
31,19,20110618
30,21,20110619
27,21,20110620
29,19,20110621
29,18,20110622
32,17,20110623
33,18,20110624
30,20,20110625
27,15,20110626
32,18,20110627
33,20,20110628
29,17,20110629
28,19,20110630
27,19,20110701
24,18,20110702
28,20,20110703
27,19,20110704
25,19,20110705
28,14,20110706
31,14,20110707
32,16,20110708
30,16,20110709
31,18,20110710
31,19,20110711
32,19,20110712
31,21,20110713
34,19,20110714
34,20,20110715
34,20,20110716
34,19,20110717
34,19,20110718
32,20,20110719
32,20,20110720
34,20,20110721
35,20,20110722
32,21,20110723
34,19,20110724
33,20,20110725
34,21,20110726
34,19,20110727
26,17,20110728
27,16,20110729
30,18,20110730
30,18,20110731
31,18,20110801
32,18,20110802
32,19,20110803
32,19,20110804
32,18,20110805
34,20,20110806
36,21,20110807
37,21,20110808
35,21,20110809
34,20,20110810
34,21,20110811
33,22,20110812
33,22,20110813
28,19,20110814
23,16,20110815
24,18,20110816
22,15,20110817
21,15,20110818
23,16,20110819
25,15,20110820
29,16,20110821
29,16,20110822
27,17,20110823
29,15,20110824
28,16,20110825
28,14,20110826
29,16,20110827
30,16,20110828
31,17,20110829
31,18,20110830
30,19,20110831
26,17,20110901
24,16,20110902
25,15,20110903
23,14,20110904
20,15,20110905
19,13,20110906
23,12,20110907
23,10,20110908
15,7,20110909
19,10,20110910
22,13,20110911
24,14,20110912
28,14,20110913
27,15,20110914
23,11,20110915
16,7,20110916
11,6,20110917
12,6,20110918
16,7,20110919
17,8,20110920
19,8,20110921
20,9,20110922
23,9,20110923
24,11,20110924
25,13,20110925
25,12,20110926
20,10,20110927
19,6,20110928
19,8,20110929
22,6,20110930
16,7,20111001
17,7,20111002
18,9,20111003
19,7,20111004
22,7,20111005
24,7,20111006
25,10,20111007
22,8,20111008
21,11,20111009
20,12,20111010
19,9,20111011
15,5,20111012
15,4,20111013
13,2,20111014
16,3,20111015
19,4,20111016
23,5,20111017
19,6,20111018
18,5,20111019
21,6,20111020
20,10,20111021
14,6,20111022
13,2,20111023
12,1,20111024
6,0,20111025
10,1,20111026
13,1,20111027
16,2,20111028
18,3,20111029
17,4,20111030
14,2,20111031
13,6,20111101
14,8,20111102
12,5,20111103
12,6,20111104
11,5,20111105
10,3,20111106
9,0,20111107
11,0,20111108
11,0,20111109
11,3,20111110
8,-1,20111111
10,-1,20111112
13,-1,20111113
12,0,20111114
13,2,20111115
10,1,20111116
7,0,20111117
8,-4,20111118
6,-4,20111119
7,-3,20111120
7,-1,20111121
5,-5,20111122
7,-3,20111123
9,-2,20111124
10,-2,20111125
9,-2,20111126
8,-1,20111127
5,-1,20111128
4,-5,20111129
4,-3,20111130
5,-5,20111201
6,-5,20111202
3,-5,20111203
1,-3,20111204
3,-4,20111205
1,-8,20111206
-1,-11,20111207
-3,-10,20111208
-4,-11,20111209
-2,-10,20111210
0,-11,20111211
1,-11,20111212
0,-10,20111213
-2,-10,20111214
-2,-10,20111215
-2,-11,20111216
-1,-11,20111217
-2,-11,20111218
-1,-10,20111219
-2,-12,20111220
-3,-13,20111221
-3,-12,20111222
-3,-12,20111223
0,-12,20111224
0,-11,20111225
0,-10,20111226
-1,-11,20111227
1,-10,20111228
1,-10,20111229
1,-10,20111230
0,-11,20111231
-2,-13,20120101
-4,-14,20120102
-4,-15,20120103
-5,-14,20120104
-2,-13,20120105
-2,-12,20120106
-2,-13,20120107
-2,-14,20120108
-2,-13,20120109
-3,-14,20120110
-2,-13,20120111
-1,-14,20120112
-2,-12,20120113
-2,-12,20120114
-1,-13,20120115
-1,-11,20120116
1,-9,20120117
-3,-9,20120118
-4,-8,20120119
-4,-14,20120120
-9,-18,20120121
-8,-18,20120122
-8,-19,20120123
-7,-17,20120124
-5,-16,20120125
-2,-15,20120126
-2,-14,20120127
-2,-12,20120128
-1,-11,20120129
1,-12,20120130
2,-13,20120131
-4,-16,20120201
-2,-12,20120202
0,-10,20120203
3,-8,20120204
5,-14,20120205
-6,-17,20120206
-5,-16,20120207
-5,-12,20120208
-4,-13,20120209
0,-12,20120210
2,-10,20120211
1,-7,20120212
3,-8,20120213
1,-8,20120214
0,-11,20120215
-1,-13,20120216
0,-14,20120217
1,-11,20120218
5,-8,20120219
7,-6,20120220
10,-5,20120221
6,-5,20120222
6,-6,20120223
3,-7,20120224
1,-11,20120225
3,-8,20120226
7,-5,20120227
7,-3,20120228
7,-5,20120301
7,-2,20120302
7,-2,20120303
5,-3,20120304
4,-6,20120305
7,-6,20120306
5,-3,20120307
3,-5,20120308
7,-6,20120309
7,-6,20120310
5,-7,20120311
7,-3,20120312
12,-2,20120313
14,2,20120314
13,0,20120315
15,2,20120316
15,0,20120317
12,-2,20120318
13,-2,20120319
16,5,20120320
9,3,20120321
8,-3,20120322
10,-5,20120323
13,-2,20120324
16,0,20120325
18,1,20120326
18,6,20120327
14,4,20120328
13,1,20120329
11,-2,20120330
21,3,20120331
21,5,20120401
13,-2,20120402
17,2,20120403
18,3,20120404
17,4,20120405
17,4,20120406
20,4,20120407
23,8,20120408
21,9,20120409
22,5,20120410
4,-2,20120411
11,1,20120412
18,3,20120413
21,5,20120414
22,6,20120415
21,8,20120416
18,7,20120417
22,9,20120418
21,7,20120419
23,10,20120420
24,9,20120421
28,12,20120422
22,8,20120423
18,4,20120424
18,5,20120425
24,9,20120426
25,10,20120427
28,12,20120428
28,15,20120429
22,12,20120430
21,10,20120501
24,13,20120502
21,13,20120503
25,13,20120504
27,15,20120505
26,14,20120506
28,14,20120507
28,16,20120508
31,16,20120509
27,15,20120510
25,8,20120511
23,9,20120512
20,5,20120513
22,8,20120514
25,8,20120515
26,10,20120516
28,15,20120517
31,15,20120518
32,18,20120519
29,16,20120520
22,10,20120521
22,12,20120522
23,11,20120523
24,11,20120524
26,13,20120525
28,14,20120526
31,16,20120527
24,11,20120528
24,9,20120529
26,12,20120530
27,15,20120531
29,15,20120601
30,16,20120602
30,16,20120603
29,17,20120604
27,17,20120605
26,15,20120606
26,15,20120607
29,15,20120608
31,16,20120609
28,14,20120610
29,14,20120611
33,16,20120612
32,14,20120613
27,12,20120614
28,15,20120615
32,17,20120616
32,19,20120617
31,19,20120618
32,18,20120619
32,20,20120620
34,20,20120621
34,20,20120622
29,18,20120623
32,19,20120624
32,20,20120625
31,20,20120626
25,17,20120627
25,19,20120628
29,16,20120629
31,19,20120630
32,19,20120701
32,20,20120702
30,20,20120703
34,19,20120704
35,20,20120705
30,19,20120706
28,20,20120707
30,19,20120708
29,19,20120709
33,21,20120710
34,20,20120711
33,19,20120712
33,19,20120713
32,19,20120714
33,20,20120715
30,22,20120716
28,21,20120717
28,20,20120718
30,19,20120719
28,21,20120720
26,17,20120721
30,18,20120722
30,19,20120723
30,20,20120724
31,19,20120725
30,21,20120726
30,22,20120727
33,21,20120728
31,22,20120729
24,17,20120730
30,18,20120731
31,18,20120801
32,19,20120802
32,20,20120803
32,21,20120804
31,22,20120805
31,19,20120806
28,21,20120807
28,20,20120808
28,21,20120809
32,22,20120810
30,20,20120811
28,19,20120812
25,19,20120813
30,19,20120814
31,18,20120815
27,19,20120816
27,19,20120817
26,16,20120818
31,17,20120819
26,14,20120820
26,14,20120821
28,15,20120822
29,17,20120823
30,18,20120824
26,16,20120825
29,17,20120826
29,17,20120827
32,16,20120828
32,18,20120829
29,17,20120830
23,15,20120831
21,11,20120901
23,11,20120902
25,10,20120903
24,12,20120904
25,13,20120905
26,14,20120906
26,15,20120907
27,14,20120908
27,17,20120909
24,14,20120910
20,9,20120911
19,6,20120912
20,8,20120913
23,10,20120914
23,11,20120915
21,11,20120916
23,11,20120917
24,11,20120918
26,14,20120919
22,11,20120920
24,12,20120921
26,12,20120922
27,13,20120923
18,11,20120924
17,8,20120925
23,8,20120926
18,4,20120927
18,4,20120928
19,6,20120929
22,7,20120930
23,8,20121001
23,8,20121002
23,9,20121003
19,5,20121004
20,7,20121005
21,10,20121006
20,11,20121007
17,5,20121008
18,4,20121009
20,5,20121010
21,6,20121011
20,6,20121012
20,6,20121013
19,8,20121014
16,5,20121015
11,-1,20121016
16,0,20121017
14,2,20121018
18,4,20121019
20,7,20121020
14,-2,20121021
15,1,20121022
17,1,20121023
17,2,20121024
17,4,20121025
18,1,20121026
16,2,20121027
17,4,20121028
13,-2,20121029
14,-2,20121030
14,0,20121031
17,2,20121101
15,-4,20121102
3,-8,20121103
5,-6,20121104
7,-4,20121105
10,-2,20121106
9,-2,20121107
13,1,20121108
8,-3,20121109
3,-8,20121110
6,-4,20121111
7,-6,20121112
10,-3,20121113
8,-2,20121114
5,-4,20121115
8,-3,20121116
12,-2,20121117
8,-4,20121118
9,-3,20121119
9,-1,20121120
8,-2,20121121
2,-6,20121122
3,-7,20121123
5,-3,20121124
3,-8,20121125
5,-5,20121126
4,-8,20121127
1,-8,20121128
4,-8,20121129
3,-4,20121130
3,-6,20121201
3,-9,20121202
1,-6,20121203
3,-9,20121204
1,-6,20121205
5,-9,20121206
1,-11,20121207
1,-11,20121208
3,-9,20121209
2,-8,20121210
5,-8,20121211
4,-6,20121212
4,-6,20121213
4,-5,20121214
3,-7,20121215
0,-7,20121216
-2,-9,20121217
1,-9,20121218
0,-6,20121219
0,-7,20121220
-4,-14,20121221
-7,-19,20121222
-8,-16,20121223
-5,-15,20121224
-3,-11,20121225
-2,-10,20121226
-1,-8,20121227
-5,-18,20121228
-8,-15,20121229
-3,-13,20121230
-1,-14,20121231
-3,-17,20130101
-9,-19,20130102
-10,-17,20130103
-7,-15,20130104
-6,-14,20130105
-2,-14,20130106
-2,-15,20130107
-3,-15,20130108
0,-13,20130109
1,-13,20130110
5,-10,20130111
3,-12,20130112
3,-9,20130113
1,-11,20130114
3,-11,20130115
2,-12,20130116
4,-10,20130117
4,-9,20130118
0,-6,20130119
-1,-10,20130120
1,-10,20130121
2,-9,20130122
2,-10,20130123
4,-9,20130124
5,-8,20130125
8,-8,20130126
8,-8,20130127
9,-7,20130128
8,-5,20130129
9,-4,20130130
7,-8,20130131
7,-8,20130201
10,-4,20130202
9,-8,20130203
8,-7,20130204
6,-6,20130205
6,-8,20130206
0,-8,20130207
4,-6,20130208
8,-7,20130209
4,-8,20130210
1,-11,20130211
3,-9,20130212
6,-7,20130213
2,-11,20130214
8,-8,20130215
8,-7,20130216
2,-6,20130217
-2,-12,20130218
5,-10,20130219
5,-7,20130220
6,-6,20130221
10,-6,20130222
11,-2,20130223
13,-2,20130224
12,-3,20130225
14,1,20130226
16,1,20130227
3,-8,20130228
4,-8,20130301
7,-3,20130302
14,-1,20130303
17,0,20130304
20,1,20130305
17,0,20130306
21,6,20130307
26,10,20130308
15,-4,20130309
15,0,20130310
13,1,20130311
12,0,20130312
15,3,20130313
15,2,20130314
19,5,20130315
14,3,20130316
19,6,20130317
20,6,20130318
20,3,20130319
20,4,20130320
21,4,20130321
18,3,20130322
15,0,20130323
15,4,20130324
14,1,20130325
19,4,20130326
22,5,20130327
19,5,20130328
19,5,20130329
18,6,20130330
22,2,20130331
15,1,20130401
19,4,20130402
23,5,20130403
11,2,20130404
10,-3,20130405
15,3,20130406
16,3,20130407
8,-5,20130408
11,-2,20130409
14,1,20130410
19,5,20130411
23,6,20130412
25,8,20130413
27,10,20130414
29,12,20130415
28,11,20130416
26,5,20130417
20,6,20130418
16,3,20130419
18,5,20130420
21,10,20130421
20,11,20130422
22,5,20130423
22,5,20130424
24,9,20130425
28,11,20130426
30,12,20130427
23,10,20130428
23,8,20130429
26,11,20130430
25,11,20130501
27,11,20130502
28,13,20130503
25,15,20130504
23,15,20130505
23,14,20130506
26,14,20130507
18,8,20130508
20,7,20130509
25,9,20130510
29,12,20130511
31,16,20130512
30,14,20130513
26,14,20130514
19,14,20130515
20,12,20130516
25,10,20130517
26,13,20130518
25,11,20130519
31,19,20130520
32,17,20130521
32,16,20130522
30,16,20130523
27,16,20130524
25,15,20130525
32,17,20130526
29,14,20130527
21,9,20130528
24,11,20130529
28,15,20130530
29,16,20130531
32,16,20130601
33,17,20130602
33,19,20130603
35,22,20130604
35,20,20130605
29,18,20130606
33,19,20130607
23,12,20130608
22,12,20130609
23,10,20130610
25,14,20130611
30,18,20130612
30,18,20130613
31,20,20130614
31,18,20130615
27,19,20130616
26,19,20130617
24,19,20130618
22,15,20130619
19,15,20130620
21,15,20130621
27,17,20130622
29,17,20130623
33,19,20130624
33,18,20130625
33,18,20130626
35,20,20130627
35,20,20130628
34,21,20130629
32,22,20130630
29,20,20130701
30,19,20130702
27,21,20130703
30,20,20130704
34,20,20130705
35,21,20130706
33,19,20130707
26,18,20130708
28,16,20130709
26,19,20130710
28,19,20130711
27,19,20130712
30,19,20130713
27,20,20130714
30,18,20130715
33,20,20130716
32,19,20130717
29,18,20130718
29,17,20130719
32,20,20130720
32,20,20130721
31,20,20130722
34,20,20130723
30,18,20130724
29,20,20130725
24,19,20130726
26,18,20130727
26,18,20130728
32,20,20130729
32,20,20130730
34,19,20130731
34,20,20130801
34,20,20130802
35,20,20130803
34,21,20130804
27,18,20130805
28,17,20130806
33,18,20130807
34,19,20130808
31,19,20130809
31,18,20130810
33,21,20130811
34,20,20130812
35,21,20130813
36,22,20130814
33,21,20130815
31,19,20130816
30,20,20130817
30,21,20130818
32,21,20130819
27,18,20130820
28,20,20130821
25,19,20130822
24,19,20130823
27,18,20130824
31,18,20130825
32,20,20130826
27,16,20130827
27,15,20130828
26,13,20130829
26,12,20130830
27,14,20130831
25,13,20130901
26,14,20130902
25,14,20130903
22,11,20130904
24,11,20130905
26,13,20130906
24,14,20130907
22,12,20130908
24,12,20130909
24,12,20130910
27,14,20130911
29,15,20130912
31,15,20130913
26,14,20130914
24,15,20130915
23,15,20130916
24,17,20130917
21,15,20130918
24,14,20130919
22,11,20130920
26,15,20130921
20,10,20130922
17,6,20130923
17,4,20130924
19,7,20130925
23,9,20130926
27,11,20130927
28,11,20130928
27,14,20130929
20,9,20130930
22,7,20131001
23,8,20131002
25,9,20131003
27,12,20131004
26,11,20131005
26,11,20131006
25,8,20131007
27,10,20131008
25,9,20131009
22,8,20131010
26,11,20131011
24,11,20131012
15,6,20131013
12,1,20131014
15,4,20131015
17,4,20131016
19,5,20131017
16,0,20131018
13,1,20131019
10,1,20131020
18,3,20131021
14,0,20131022
16,0,20131023
13,1,20131024
15,2,20131025
17,3,20131026
17,4,20131027
16,0,20131028
13,3,20131029
15,7,20131030
13,3,20131031
15,1,20131101
14,1,20131102
14,1,20131103
12,0,20131104
15,1,20131105
14,-1,20131106
12,1,20131107
12,3,20131108
10,-4,20131109
3,-4,20131110
5,-2,20131111
7,0,20131112
8,-2,20131113
9,0,20131114
11,0,20131115
11,-3,20131116
8,-4,20131117
9,-4,20131118
10,-3,20131119
9,-4,20131120
9,-3,20131121
8,-2,20131122
6,-2,20131123
6,-5,20131124
5,-5,20131125
3,-10,20131126
-1,-10,20131127
3,-8,20131128
4,-8,20131129
6,-7,20131130
9,-5,20131201
9,-6,20131202
7,-6,20131203
6,-7,20131204
5,-5,20131205
8,-6,20131206
6,-5,20131207
1,-10,20131208
2,-10,20131209
1,-11,20131210
3,-11,20131211
3,-10,20131212
4,-10,20131213
1,-8,20131214
4,-8,20131215
3,-11,20131216
-1,-11,20131217
-1,-11,20131218
-2,-12,20131219
-2,-12,20131220
-2,-11,20131221
0,-11,20131222
1,-9,20131223
1,-11,20131224
-1,-15,20131225
-6,-14,20131226
-3,-15,20131227
-1,-13,20131228
-1,-13,20131229
2,-10,20131230
4,-10,20131231
4,-8,20140101
2,-10,20140102
4,-8,20140103
5,-7,20140104
5,-8,20140105
1,-8,20140106
-3,-13,20140107
-4,-15,20140108
-2,-13,20140109
-2,-12,20140110
-1,-14,20140111
1,-13,20140112
1,-13,20140113
0,-11,20140114
2,-12,20140115
3,-13,20140116
0,-12,20140117
0,-8,20140118
0,-13,20140119
1,-12,20140120
3,-11,20140121
5,-9,20140122
7,-7,20140123
3,-10,20140124
7,-9,20140125
8,-7,20140126
7,-7,20140127
8,-8,20140128
9,-6,20140129
13,-4,20140130
12,-3,20140131
15,-4,20140201
8,-7,20140202
3,-10,20140203
-3,-10,20140204
-3,-8,20140205
-4,-10,20140206
-1,-12,20140207
-5,-14,20140208
-7,-16,20140209
-5,-15,20140210
-2,-12,20140211
-3,-10,20140212
3,-9,20140213
4,-7,20140214
5,-6,20140215
2,-6,20140216
3,-6,20140217
3,-10,20140218
4,-9,20140219
6,-5,20140220
9,-4,20140221
11,-3,20140222
12,-2,20140223
10,-1,20140224
12,0,20140225
6,-6,20140226
6,-2,20140227
6,-4,20140228
9,-5,20140301
12,-3,20140302
8,-6,20140303
6,-5,20140304
7,-6,20140305
6,-5,20140306
5,-4,20140307
11,-3,20140308
13,-1,20140309
17,3,20140310
12,-3,20140311
7,-4,20140312
10,-2,20140313
16,0,20140314
20,4,20140315
22,2,20140316
13,1,20140317
17,3,20140318
9,-3,20140319
11,-2,20140320
16,2,20140321
18,4,20140322
16,5,20140323
21,5,20140324
22,5,20140325
25,11,20140326
20,5,20140327
18,4,20140328
20,7,20140329
13,4,20140330
20,4,20140331
22,7,20140401
18,5,20140402
17,2,20140403
18,3,20140404
21,7,20140405
22,6,20140406
22,7,20140407
26,9,20140408
22,11,20140409
22,9,20140410
20,11,20140411
21,10,20140412
22,11,20140413
23,12,20140414
23,12,20140415
14,7,20140416
15,8,20140417
16,8,20140418
17,8,20140419
14,7,20140420
19,4,20140421
23,10,20140422
26,11,20140423
14,2,20140424
13,-1,20140425
18,3,20140426
19,7,20140427
21,8,20140428
25,8,20140429
27,9,20140430
15,3,20140501
19,6,20140502
19,3,20140503
19,5,20140504
22,8,20140505
28,10,20140506
29,12,20140507
30,9,20140508
16,5,20140509
18,6,20140510
23,6,20140511
27,11,20140512
24,10,20140513
20,7,20140514
26,11,20140515
27,12,20140516
28,13,20140517
27,10,20140518
27,12,20140519
30,16,20140520
33,18,20140521
32,18,20140522
25,15,20140523
22,11,20140524
24,12,20140525
29,12,20140526
32,16,20140527
32,16,20140528
34,16,20140529
34,19,20140530
33,17,20140531
35,19,20140601
30,19,20140602
28,15,20140603
30,16,20140604
30,17,20140605
27,13,20140606
30,15,20140607
29,14,20140608
29,14,20140609
29,14,20140610
29,18,20140611
26,14,20140612
28,17,20140613
30,17,20140614
32,18,20140615
30,17,20140616
31,17,20140617
26,15,20140618
26,16,20140619
28,14,20140620
29,15,20140621
31,17,20140622
30,19,20140623
29,18,20140624
28,18,20140625
30,21,20140626
27,16,20140627
23,15,20140628
29,17,20140629
29,17,20140630
30,18,20140701
31,19,20140702
28,17,20140703
33,18,20140704
34,21,20140705
36,22,20140706
30,18,20140707
20,15,20140708
22,15,20140709
27,17,20140710
29,16,20140711
29,16,20140712
29,16,20140713
31,17,20140714
33,19,20140715
35,22,20140716
36,21,20140717
35,21,20140718
34,23,20140719
33,23,20140720
24,17,20140721
19,14,20140722
21,14,20140723
29,16,20140724
32,18,20140725
35,20,20140726
35,21,20140727
35,21,20140728
36,21,20140729
36,22,20140730
38,22,20140731
37,22,20140801
34,22,20140802
29,18,20140803
27,17,20140804
21,15,20140805
21,15,20140806
28,17,20140807
26,17,20140808
30,18,20140809
28,17,20140810
22,14,20140811
26,14,20140812
28,14,20140813
28,14,20140814
30,17,20140815
29,16,20140816
28,14,20140817
29,16,20140818
31,18,20140819
28,18,20140820
28,17,20140821
28,16,20140822
23,13,20140823
27,13,20140824
27,14,20140825
27,14,20140826
29,16,20140827
29,17,20140828
27,17,20140829
25,14,20140830
26,16,20140831
25,12,20140901
25,12,20140902
27,14,20140903
29,16,20140904
27,17,20140905
25,15,20140906
27,15,20140907
23,14,20140908
27,15,20140909
27,16,20140910
23,13,20140911
24,14,20140912
23,13,20140913
16,11,20140914
21,12,20140915
20,13,20140916
24,15,20140917
27,12,20140918
27,12,20140919
29,13,20140920
23,13,20140921
18,12,20140922
21,9,20140923
24,11,20140924
26,13,20140925
24,11,20140926
24,12,20140927
25,11,20140928
25,11,20140929
23,11,20140930
22,8,20141001
24,10,20141002
22,9,20141003
20,5,20141004
22,8,20141005
23,9,20141006
24,10,20141007
26,10,20141008
25,13,20141009
20,6,20141010
10,3,20141011
14,3,20141012
16,2,20141013
17,4,20141014
20,5,20141015
19,6,20141016
20,6,20141017
17,5,20141018
21,5,20141019
19,6,20141020
23,5,20141021
23,6,20141022
24,7,20141023
25,7,20141024
24,6,20141025
20,9,20141026
20,10,20141027
17,9,20141028
18,7,20141029
12,5,20141030
13,2,20141031
10,-2,20141101
12,0,20141102
14,1,20141103
16,2,20141104
12,-1,20141105
11,1,20141106
11,0,20141107
12,1,20141108
10,3,20141109
9,0,20141110
9,-3,20141111
6,-4,20141112
7,-2,20141113
7,-2,20141114
6,-4,20141115
8,-5,20141116
7,-3,20141117
9,-3,20141118
10,-2,20141119
9,-2,20141120
7,-2,20141121
7,-2,20141122
7,-2,20141123
7,-2,20141124
11,0,20141125
7,-1,20141126
5,-5,20141127
6,-3,20141128
4,-7,20141129
-3,-13,20141130
-3,-11,20141201
-2,-11,20141202
-4,-14,20141203
-1,-11,20141204
0,-9,20141205
0,-11,20141206
0,-8,20141207
3,-5,20141208
-1,-10,20141209
-1,-11,20141210
-3,-13,20141211
-4,-12,20141212
2,-11,20141213
-1,-10,20141214
-5,-15,20141215
-2,-13,20141216
2,-11,20141217
3,-10,20141218
-1,-11,20141219
-2,-14,20141220
0,-13,20141221
1,-10,20141222
2,-10,20141223
-1,-12,20141224
0,-10,20141225
2,-9,20141226
2,-6,20141227
5,-6,20141228
8,-7,20141229
4,-13,20141230
-2,-13,20141231
0,-10,20150101
2,-9,20150102
6,-8,20150103
3,-6,20150104
0,-12,20150105
-2,-12,20150106
-1,-10,20150107
5,-9,20150108
3,-10,20150109
6,-11,20150110
4,-8,20150111
6,-8,20150112
3,-11,20150113
2,-9,20150114
3,-11,20150115
3,-8,20150116
1,-7,20150117
3,-9,20150118
6,-7,20150119
4,-11,20150120
4,-9,20150121
6,-9,20150122
3,-5,20150123
5,-7,20150124
7,-5,20150125
2,-11,20150126
-5,-7,20150127
-3,-11,20150128
-3,-14,20150129
-3,-10,20150130
-3,-9,20150131
1,-8,20150201
3,-7,20150202
1,-11,20150203
0,-13,20150204
2,-10,20150205
2,-8,20150206
3,-8,20150207
4,-9,20150208
5,-7,20150209
7,-7,20150210
7,-6,20150211
6,-8,20150212
11,-3,20150213
11,-3,20150214
7,-6,20150215
10,-5,20150216
9,-4,20150217
11,0,20150218
10,0,20150219
9,-5,20150220
4,-11,20150221
2,-8,20150222
6,-4,20150223
8,-6,20150224
6,-8,20150225
4,-3,20150226
1,-4,20150227
3,-8,20150228
8,-3,20150301
7,-7,20150302
3,-7,20150303
3,-5,20150304
7,-5,20150305
13,-3,20150306
14,0,20150307
10,-6,20150308
3,-7,20150309
6,-6,20150310
11,-3,20150311
15,0,20150312
13,0,20150313
13,-2,20150314
19,2,20150315
18,3,20150316
14,4,20150317
14,3,20150318
15,2,20150319
16,0,20150320
17,1,20150321
14,2,20150322
14,1,20150323
18,2,20150324
16,1,20150325
19,6,20150326
20,3,20150327
20,6,20150328
23,9,20150329
24,10,20150330
22,12,20150331
20,6,20150401
15,5,20150402
11,3,20150403
7,0,20150404
7,0,20150405
9,-1,20150406
14,2,20150407
19,2,20150408
16,2,20150409
19,3,20150410
15,0,20150411
12,-1,20150412
14,2,20150413
21,8,20150414
24,4,20150415
20,7,20150416
22,10,20150417
18,8,20150418
20,5,20150419
18,5,20150420
21,7,20150421
25,10,20150422
25,10,20150423
25,10,20150424
26,11,20150425
28,12,20150426
30,13,20150427
29,12,20150428
30,16,20150429
28,12,20150430
26,12,20150501
26,10,20150502
21,9,20150503
24,9,20150504
24,10,20150505
23,10,20150506
23,9,20150507
27,11,20150508
29,11,20150509
18,5,20150510
21,6,20150511
26,9,20150512
29,15,20150513
28,11,20150514
23,10,20150515
27,14,20150516
31,13,20150517
28,13,20150518
25,11,20150519
18,10,20150520
20,9,20150521
25,9,20150522
28,14,20150523
30,16,20150524
31,16,20150525
30,16,20150526
30,18,20150527
24,15,20150528
27,13,20150529
29,14,20150530
30,16,20150531
27,14,20150601
24,16,20150602
25,13,20150603
26,13,20150604
31,16,20150605
28,14,20150606
25,13,20150607
31,17,20150608
29,14,20150609
25,11,20150610
27,14,20150611
28,15,20150612
28,16,20150613
30,18,20150614
32,19,20150615
32,19,20150616
31,17,20150617
30,17,20150618
28,17,20150619
21,15,20150620
30,16,20150621
32,19,20150622
28,17,20150623
28,18,20150624
31,17,20150625
32,19,20150626
30,21,20150627
26,22,20150628
27,20,20150629
30,18,20150630
30,18,20150701
30,19,20150702
32,19,20150703
32,19,20150704
27,16,20150705
32,19,20150706
33,21,20150707
30,16,20150708
26,15,20150709
30,18,20150710
33,21,20150711
30,17,20150712
31,18,20150713
31,17,20150714
31,17,20150715
30,15,20150716
28,16,20150717
29,17,20150718
31,18,20150719
31,18,20150720
30,17,20150721
28,17,20150722
29,17,20150723
33,20,20150724
34,19,20150725
36,21,20150726
36,22,20150727
37,21,20150728
36,20,20150729
34,21,20150730
35,23,20150731
35,22,20150801
31,19,20150802
27,17,20150803
32,18,20150804
32,16,20150805
31,18,20150806
28,18,20150807
25,17,20150808
28,18,20150809
26,19,20150810
26,18,20150811
28,18,20150812
23,14,20150813
28,14,20150814
30,17,20150815
27,12,20150816
28,14,20150817
26,13,20150818
27,14,20150819
27,12,20150820
28,14,20150821
29,14,20150822
29,16,20150823
30,15,20150824
29,15,20150825
29,15,20150826
30,16,20150827
30,17,20150828
32,16,20150829
30,15,20150830
28,13,20150831
28,15,20150901
27,16,20150902
19,16,20150903
28,14,20150904
28,13,20150905
25,14,20150906
26,15,20150907
19,14,20150908
19,14,20150909
21,12,20150910
21,9,20150911
21,11,20150912
24,10,20150913
26,13,20150914
26,15,20150915
23,13,20150916
23,11,20150917
24,12,20150918
25,11,20150919
27,13,20150920
26,12,20150921
22,10,20150922
23,11,20150923
22,8,20150924
20,10,20150925
24,13,20150926
22,12,20150927
19,13,20150928
20,12,20150929
14,3,20150930
17,4,20151001
20,5,20151002
22,6,20151003
22,7,20151004
23,10,20151005
23,11,20151006
19,4,20151007
15,3,20151008
18,3,20151009
17,2,20151010
16,3,20151011
17,7,20151012
17,4,20151013
20,6,20151014
22,9,20151015
21,7,20151016
19,5,20151017
20,6,20151018
23,8,20151019
22,10,20151020
15,5,20151021
14,4,20151022
16,6,20151023
16,10,20151024
13,4,20151025
10,0,20151026
14,1,20151027
14,0,20151028
8,0,20151029
5,0,20151030
8,-2,20151031
11,-1,20151101
13,2,20151102
15,2,20151103
8,2,20151104
8,3,20151105
7,2,20151106
8,-2,20151107
11,0,20151108
12,-1,20151109
11,0,20151110
10,2,20151111
8,1,20151112
14,2,20151113
13,0,20151114
11,0,20151115
11,1,20151116
9,2,20151117
10,-1,20151118
13,0,20151119
10,1,20151120
9,0,20151121
9,-1,20151122
3,-2,20151123
3,-3,20151124
2,-7,20151125
5,-3,20151126
10,-2,20151127
12,-3,20151128
11,-2,20151129
11,0,20151130
7,-6,20151201
2,-9,20151202
2,-8,20151203
3,-7,20151204
5,-4,20151205
10,-5,20151206
7,-4,20151207
4,-4,20151208
8,-5,20151209
6,-3,20151210
6,-2,20151211
4,-3,20151212
1,-7,20151213
1,-10,20151214
-2,-13,20151215
-2,-12,20151216
-2,-12,20151217
-1,-9,20151218
0,-12,20151219
0,-12,20151220
0,-12,20151221
0,-10,20151222
-1,-12,20151223
2,-9,20151224
6,-4,20151225
6,-8,20151226
3,-9,20151227
3,-8,20151228
3,-10,20151229
4,-8,20151230
5,-9,20151231
8,-7,20160101
6,-6,20160102
5,-6,20160103
1,-8,20160104
-2,-12,20160105
-4,-11,20160106
-4,-14,20160107
-2,-10,20160108
1,-9,20160109
-2,-13,20160110
-7,-13,20160111
-5,-15,20160112
-4,-14,20160113
-1,-13,20160114
3,-10,20160115
2,-10,20160116
-3,-15,20160117
-7,-17,20160118
-5,-12,20160119
-2,-11,20160120
-5,-15,20160121
-10,-18,20160122
-14,-22,20160123
-10,-19,20160124
-7,-18,20160125
-4,-17,20160126
-3,-14,20160127
-1,-14,20160128
-2,-11,20160129
-6,-14,20160130
-6,-17,20160131
-5,-15,20160201
-1,-12,20160202
0,-9,20160203
0,-13,20160204
-2,-13,20160205
2,-6,20160206
6,-7,20160207
9,-5,20160208
9,-2,20160209
10,-3,20160210
9,-2,20160211
-3,-10,20160212
-4,-12,20160213
-5,-16,20160214
-2,-14,20160215
1,-14,20160216
5,-8,20160217
4,-7,20160218
0,-13,20160219
2,-10,20160220
6,-8,20160221
3,-9,20160222
2,-9,20160223
4,-7,20160224
6,-6,20160225
10,-2,20160226
12,-3,20160227
7,-5,20160228
10,0,20160301
16,2,20160302
17,0,20160303
9,-4,20160304
9,-1,20160305
12,-2,20160306
10,-2,20160307
4,-6,20160308
-2,-11,20160309
1,-10,20160310
8,-2,20160311
10,-5,20160312
7,-3,20160313
13,0,20160314
14,2,20160315
15,3,20160316
18,3,20160317
19,6,20160318
18,7,20160319
15,6,20160320
14,6,20160321
13,4,20160322
8,2,20160323
12,0,20160324
10,-2,20160325
11,-2,20160326
14,3,20160327
19,2,20160328
19,5,20160329
21,8,20160330
26,9,20160331
21,7,20160401
10,-1,20160402
12,3,20160403
17,6,20160404
20,7,20160405
21,5,20160406
20,4,20160407
20,6,20160408
22,8,20160409
24,10,20160410
25,9,20160411
23,5,20160412
23,7,20160413
25,11,20160414
20,4,20160415
17,4,20160416
17,2,20160417
21,9,20160418
25,9,20160419
22,8,20160420
23,8,20160421
24,10,20160422
24,11,20160423
27,13,20160424
26,13,20160425
22,8,20160426
24,9,20160427
27,13,20160428
28,12,20160429
29,14,20160430
22,8,20160501
18,7,20160502
24,11,20160503
28,13,20160504
22,7,20160505
12,6,20160506
22,11,20160507
25,12,20160508
25,12,20160509
31,15,20160510
29,10,20160511
17,9,20160512
22,12,20160513
18,6,20160514
21,8,20160515
26,12,20160516
30,15,20160517
29,16,20160518
30,18,20160519
26,12,20160520
20,11,20160521
17,9,20160522
20,10,20160523
24,11,20160524
22,11,20160525
24,12,20160526
24,12,20160527
27,13,20160528
30,16,20160529
30,18,20160530
29,18,20160531
28,15,20160601
21,14,20160602
28,17,20160603
26,15,20160604
28,16,20160605
29,15,20160606
27,16,20160607
28,16,20160608
32,17,20160609
30,16,20160610
26,16,20160611
31,17,20160612
33,16,20160613
27,12,20160614
26,14,20160615
32,17,20160616
32,18,20160617
31,20,20160618
32,21,20160619
28,17,20160620
30,19,20160621
32,19,20160622
29,17,20160623
29,16,20160624
30,19,20160625
32,18,20160626
31,17,20160627
30,18,20160628
34,20,20160629
32,18,20160630
31,18,20160701
33,19,20160702
36,21,20160703
35,21,20160704
34,22,20160705
32,23,20160706
31,22,20160707
31,22,20160708
32,22,20160709
29,21,20160710
24,18,20160711
30,19,20160712
26,17,20160713
31,18,20160714
32,17,20160715
30,16,20160716
31,19,20160717
23,17,20160718
28,16,20160719
30,20,20160720
31,19,20160721
32,20,20160722
33,20,20160723
21,17,20160724
28,19,20160725
33,20,20160726
35,19,20160727
36,22,20160728
37,22,20160729
35,21,20160730
34,21,20160731
33,22,20160801
32,21,20160802
34,21,20160803
33,21,20160804
33,21,20160805
35,22,20160806
34,22,20160807
35,22,20160808
34,22,20160809
32,21,20160810
30,20,20160811
29,19,20160812
28,20,20160813
26,20,20160814
29,20,20160815
32,22,20160816
32,23,20160817
28,21,20160818
27,19,20160819
25,20,20160820
30,21,20160821
28,22,20160822
27,20,20160823
28,18,20160824
21,12,20160825
22,12,20160826
24,14,20160827
28,16,20160828
24,14,20160829
27,14,20160830
30,14,20160831
30,15,20160901
29,13,20160902
28,12,20160903
26,13,20160904
26,14,20160905
24,12,20160906
28,12,20160907
28,15,20160908
26,12,20160909
27,12,20160910
24,13,20160911
24,12,20160912
26,13,20160913
25,15,20160914
27,15,20160915
26,15,20160916
22,13,20160917
24,12,20160918
25,13,20160919
26,13,20160920
28,14,20160921
29,13,20160922
29,14,20160923
28,13,20160924
26,12,20160925
26,11,20160926
12,7,20160927
21,10,20160928
24,12,20160929
25,12,20160930
26,11,20161001
29,13,20161002
30,12,20161003
17,6,20161004
19,8,20161005
19,9,20161006
15,3,20161007
18,5,20161008
19,6,20161009
21,8,20161010
20,9,20161011
21,6,20161012
22,8,20161013
20,8,20161014
20,7,20161015
20,6,20161016
22,8,20161017
22,8,20161018
23,12,20161019
23,8,20161020
17,6,20161021
13,5,20161022
17,5,20161023
13,5,20161024
16,5,20161025
15,4,20161026
5,-2,20161027
6,0,20161028
10,0,20161029
11,-1,20161030
11,-2,20161031
10,-2,20161101
13,2,20161102
17,2,20161103
20,4,20161104
18,4,20161105
13,1,20161106
12,0,20161107
10,0,20161108
11,0,20161109
12,-1,20161110
13,-1,20161111
16,1,20161112
15,0,20161113
12,0,20161114
15,1,20161115
13,1,20161116
15,2,20161117
18,1,20161118
7,-3,20161119
10,-2,20161120
-3,-11,20161121
-5,-10,20161122
-1,-10,20161123
2,-6,20161124
4,-5,20161125
7,-6,20161126
6,-5,20161127
6,-4,20161128
6,-5,20161129
8,-6,20161130
6,-5,20161201
7,-4,20161202
9,-4,20161203
12,-2,20161204
4,-6,20161205
8,-5,20161206
7,-3,20161207
7,-4,20161208
5,-6,20161209
6,-2,20161210
7,-3,20161211
6,-5,20161212
4,-8,20161213
4,-8,20161214
3,-7,20161215
6,-6,20161216
6,-7,20161217
6,-5,20161218
6,-4,20161219
6,-2,20161220
2,-8,20161221
5,-7,20161222
5,-6,20161223
5,-4,20161224
1,-9,20161225
0,-12,20161226
0,-12,20161227
-1,-12,20161228
0,-12,20161229
5,-9,20161230
7,-9,20161231
3,-7,20170101
5,-9,20170102
5,-7,20170103
6,-3,20170104
4,-6,20170105
2,-8,20170106
-2,-10,20170107
0,-11,20170108
-1,-10,20170109
0,-10,20170110
0,-10,20170111
1,-14,20170112
4,-10,20170113
3,-10,20170114
2,-12,20170115
1,-12,20170116
-1,-11,20170117
1,-15,20170118
-3,-17,20170119
-2,-13,20170120
0,-12,20170121
3,-10,20170122
5,-10,20170123
5,-8,20170124
8,-7,20170125
4,-8,20170126
4,-6,20170127
3,-11,20170128
-4,-16,20170129
0,-12,20170130
0,-12,20170131
4,-8,20170201
6,-6,20170202
7,-8,20170203
8,-8,20170204
6,-4,20170205
5,-2,20170206
0,-9,20170207
-1,-14,20170208
0,-12,20170209
2,-12,20170210
5,-7,20170211
8,-8,20170212
8,-4,20170213
10,-2,20170214
13,-2,20170215
9,-3,20170216
9,-2,20170217
13,-4,20170218
9,-3,20170219
6,-4,20170220
2,-10,20170221
3,-8,20170222
4,-8,20170223
7,-8,20170224
7,-4,20170225
9,-4,20170226
10,-4,20170227
9,-5,20170228
6,-6,20170301
10,-4,20170302
12,-3,20170303
12,-3,20170304
8,-5,20170305
7,-5,20170306
6,-5,20170307
8,-6,20170308
10,-2,20170309
8,-1,20170310
12,0,20170311
7,-2,20170312
9,0,20170313
10,1,20170314
12,0,20170315
12,0,20170316
14,1,20170317
16,1,20170318
9,1,20170319
14,1,20170320
14,2,20170321
15,4,20170322
8,0,20170323
8,-3,20170324
7,-3,20170325
12,0,20170326
18,1,20170327
14,1,20170328
13,3,20170329
14,2,20170330
13,2,20170331
18,5,20170401
20,7,20170402
21,8,20170403
21,9,20170404
23,10,20170405
23,11,20170406
20,8,20170407
14,6,20170408
16,6,20170409
17,7,20170410
17,5,20170411
20,6,20170412
22,8,20170413
23,9,20170414
20,10,20170415
21,7,20170416
24,9,20170417
23,11,20170418
19,7,20170419
18,1,20170420
17,3,20170421
24,6,20170422
26,8,20170423
21,8,20170424
20,7,20170425
18,4,20170426
21,6,20170427
24,8,20170428
26,12,20170429
24,9,20170430
27,13,20170501
17,10,20170502
20,5,20170503
20,6,20170504
18,5,20170505
22,8,20170506
24,9,20170507
26,12,20170508
27,11,20170509
26,12,20170510
27,11,20170511
28,13,20170512
28,12,20170513
20,11,20170514
22,10,20170515
28,13,20170516
30,15,20170517
30,14,20170518
30,16,20170519
30,18,20170520
29,13,20170521
20,10,20170522
22,10,20170523
26,11,20170524
30,13,20170525
31,15,20170526
33,17,20170527
32,19,20170528
32,18,20170529
31,17,20170530
32,16,20170531
32,17,20170601
30,17,20170602
27,17,20170603
23,14,20170604
19,13,20170605
24,14,20170606
26,12,20170607
29,15,20170608
28,14,20170609
29,16,20170610
30,20,20170611
32,18,20170612
31,18,20170613
30,17,20170614
25,16,20170615
31,18,20170616
33,20,20170617
31,20,20170618
24,16,20170619
30,19,20170620
30,19,20170621
30,15,20170622
27,17,20170623
28,16,20170624
31,18,20170625
32,20,20170626
33,21,20170627
33,22,20170628
34,20,20170629
33,21,20170630
34,22,20170701
34,20,20170702
25,18,20170703
32,22,20170704
26,16,20170705
29,18,20170706
34,20,20170707
36,20,20170708
36,21,20170709
36,20,20170710
39,23,20170711
40,23,20170712
38,24,20170713
36,22,20170714
33,21,20170715
32,20,20170716
33,22,20170717
34,22,20170718
35,25,20170719
34,24,20170720
32,25,20170721
32,22,20170722
30,23,20170723
29,20,20170724
33,20,20170725
30,19,20170726
22,17,20170727
24,16,20170728
28,16,20170729
31,18,20170730
33,20,20170731
27,17,20170801
29,19,20170802
32,18,20170803
29,19,20170804
33,20,20170805
30,18,20170806
28,19,20170807
30,17,20170808
32,17,20170809
34,19,20170810
31,19,20170811
29,18,20170812
33,19,20170813
32,20,20170814
34,19,20170815
34,20,20170816
32,20,20170817
30,20,20170818
31,20,20170819
23,17,20170820
25,15,20170821
23,15,20170822
25,15,20170823
25,14,20170824
25,13,20170825
18,14,20170826
19,14,20170827
23,13,20170828
21,12,20170829
24,13,20170830
27,15,20170831
26,14,20170901
29,16,20170902
28,16,20170903
24,15,20170904
26,14,20170905
29,12,20170906
29,14,20170907
30,17,20170908
27,12,20170909
27,12,20170910
27,12,20170911
30,16,20170912
26,16,20170913
25,15,20170914
27,15,20170915
27,14,20170916
27,13,20170917
28,13,20170918
26,11,20170919
29,13,20170920
27,9,20170921
25,11,20170922
27,14,20170923
26,14,20170924
27,13,20170925
22,10,20170926
22,7,20170927
22,8,20170928
25,12,20170929
25,13,20170930
20,12,20171001
14,6,20171002
17,7,20171003
21,7,20171004
23,10,20171005
20,11,20171006
22,10,20171007
12,4,20171008
4,0,20171009
10,1,20171010
13,3,20171011
16,3,20171012
16,4,20171013
18,5,20171014
18,6,20171015
19,7,20171016
12,4,20171017
16,5,20171018
18,7,20171019
20,7,20171020
18,4,20171021
18,5,20171022
18,8,20171023
17,8,20171024
17,5,20171025
18,5,20171026
19,3,20171027
9,-2,20171028
10,1,20171029
14,2,20171030
16,2,20171031
19,4,20171101
18,1,20171102
14,2,20171103
16,3,20171104
18,5,20171105
15,2,20171106
15,2,20171107
17,3,20171108
12,-1,20171109
8,1,20171110
12,1,20171111
13,-2,20171112
7,-6,20171113
6,-4,20171114
8,-3,20171115
10,-3,20171116
4,-7,20171117
2,-5,20171118
5,-5,20171119
7,-4,20171120
5,-6,20171121
4,-7,20171122
5,-7,20171123
8,-5,20171124
9,-6,20171125
9,-5,20171126
8,-5,20171127
6,-6,20171128
4,-7,20171129
3,-8,20171130
4,-7,20171201
7,-5,20171202
5,-10,20171203
2,-10,20171204
3,-8,20171205
3,-8,20171206
0,-11,20171207
1,-11,20171208
1,-10,20171209
3,-8,20171210
3,-9,20171211
2,-9,20171212
2,-6,20171213
0,-8,20171214
0,-10,20171215
-2,-13,20171216
0,-13,20171217
-1,-12,20171218
3,-12,20171219
4,-10,20171220
6,-10,20171221
4,-9,20171222
2,-10,20171223
1,-11,20171224
4,-10,20171225
6,-9,20171226
6,-9,20171227
6,-5,20171228
2,-7,20171229
2,-11,20171230
4,-10,20171231
2,-11,20180101
-2,-10,20180102
-6,-10,20180103
-2,-9,20180104
-2,-8,20180105
-4,-9,20180106
-5,-14,20180107
-4,-13,20180108
0,-13,20180109
-1,-16,20180110
0,-14,20180111
0,-14,20180112
1,-13,20180113
0,-10,20180114
1,-10,20180115
7,-11,20180116
1,-12,20180117
2,-10,20180118
2,-9,20180119
5,-7,20180120
4,-9,20180121
4,-12,20180122
-5,-13,20180123
-6,-12,20180124
-4,-12,20180125
-3,-8,20180126
-3,-14,20180127
-11,-18,20180128
-8,-18,20180129
-6,-16,20180130
-3,-14,20180131
-3,-16,20180201
-5,-16,20180202
-4,-17,20180203
-2,-14,20180204
0,-15,20180205
2,-14,20180206
1,-11,20180207
2,-11,20180208
0,-12,20180209
-2,-14,20180210
-1,-14,20180211
6,-9,20180212
10,-10,20180213
6,-7,20180214
8,-8,20180215
6,-5,20180216
6,-6,20180217
6,-6,20180218
6,-5,20180219
0,-8,20180220
5,-10,20180221
7,-5,20180222
7,-6,20180223
10,-2,20180224
13,-1,20180225
12,-2,20180226
14,0,20180227
13,-2,20180228
13,-2,20180301
18,1,20180302
14,0,20180303
11,-1,20180304
12,0,20180305
14,4,20180306
12,-4,20180307
12,-4,20180308
17,1,20180309
18,2,20180310
22,3,20180311
24,5,20180312
24,3,20180313
25,5,20180314
18,4,20180315
15,2,20180316
14,3,20180317
13,6,20180318
15,3,20180319
16,2,20180320
15,1,20180321
17,4,20180322
19,2,20180323
18,4,20180324
21,6,20180325
25,6,20180326
26,9,20180327
27,10,20180328
26,13,20180329
23,10,20180330
22,6,20180331
26,8,20180401
28,8,20180402
20,4,20180403
19,5,20180404
10,-2,20180405
10,-3,20180406
16,2,20180407
24,7,20180408
25,8,20180409
22,6,20180410
21,7,20180411
18,6,20180412
14,3,20180413
12,3,20180414
18,4,20180415
23,8,20180416
27,10,20180417
29,14,20180418
29,16,20180419
27,14,20180420
23,11,20180421
23,13,20180422
17,9,20180423
19,8,20180424
23,8,20180425
26,10,20180426
28,13,20180427
27,12,20180428
26,11,20180429
24,9,20180430
21,6,20180501
22,7,20180502
28,16,20180503
29,14,20180504
25,9,20180505
24,10,20180506
26,12,20180507
28,15,20180508
23,13,20180509
17,8,20180510
25,11,20180511
28,13,20180512
34,17,20180513
33,17,20180514
34,19,20180515
29,15,20180516
28,15,20180517
30,14,20180518
26,16,20180519
26,14,20180520
21,11,20180521
20,11,20180522
26,13,20180523
27,15,20180524
28,12,20180525
21,10,20180526
27,11,20180527
29,11,20180528
28,13,20180529
27,15,20180530
30,17,20180531
29,14,20180601
29,15,20180602
25,12,20180603
30,15,20180604
31,17,20180605
27,15,20180606
26,14,20180607
27,13,20180608
29,15,20180609
31,15,20180610
32,18,20180611
34,18,20180612
31,16,20180613
32,19,20180614
32,19,20180615
27,16,20180616
25,18,20180617
30,18,20180618
30,20,20180619
30,18,20180620
32,19,20180621
34,22,20180622
34,22,20180623
28,19,20180624
30,20,20180625
32,21,20180626
34,22,20180627
32,19,20180628
32,21,20180629
32,21,20180630
27,19,20180701
27,18,20180702
31,19,20180703
31,18,20180704
31,20,20180705
30,20,20180706
27,17,20180707
30,17,20180708
30,20,20180709
27,17,20180710
32,19,20180711
34,21,20180712
35,21,20180713
35,23,20180714
30,19,20180715
34,21,20180716
36,23,20180717
36,24,20180718
31,21,20180719
27,18,20180720
29,19,20180721
30,21,20180722
27,19,20180723
29,18,20180724
30,19,20180725
34,22,20180726
32,22,20180727
33,23,20180728
34,23,20180729
33,21,20180730
32,21,20180731
32,22,20180801
30,22,20180802
31,23,20180803
33,21,20180804
35,22,20180805
33,22,20180806
28,20,20180807
30,21,20180808
29,22,20180809
25,20,20180810
31,20,20180811
30,21,20180812
31,20,20180813
29,21,20180814
30,21,20180815
22,18,20180816
25,16,20180817
28,18,20180818
31,20,20180819
28,18,20180820
19,13,20180821
28,15,20180822
29,16,20180823
29,18,20180824
26,18,20180825
29,19,20180826
27,17,20180827
30,19,20180828
28,19,20180829
27,18,20180830
25,19,20180831
23,16,20180901
25,12,20180902
24,13,20180903
23,15,20180904
25,10,20180905
21,9,20180906
20,9,20180907
22,10,20180908
19,13,20180909
25,11,20180910
24,12,20180911
25,14,20180912
26,13,20180913
21,10,20180914
17,9,20180915
20,9,20180916
17,9,20180917
16,11,20180918
22,10,20180919
21,6,20180920
19,3,20180921
20,5,20180922
21,9,20180923
22,12,20180924
23,11,20180925
23,11,20180926
17,6,20180927
20,5,20180928
22,5,20180929
17,2,20180930
17,2,20181001
18,4,20181002
20,5,20181003
23,7,20181004
16,2,20181005
15,1,20181006
16,1,20181007
17,1,20181008
15,0,20181009
16,1,20181010
16,3,20181011
18,6,20181012
18,6,20181013
18,6,20181014
18,5,20181015
18,5,20181016
19,7,20181017
17,8,20181018
17,8,20181019
15,7,20181020
16,3,20181021
12,0,20181022
16,0,20181023
17,4,20181024
12,-1,20181025
12,-2,20181026
14,0,20181027
16,0,20181028
16,0,20181029
15,0,20181030
15,1,20181031
17,6,20181101
16,3,20181102
10,0,20181103
8,-1,20181104
8,-1,20181105
8,-1,20181106
9,-1,20181107
13,-2,20181108
10,0,20181109
11,-2,20181110
12,0,20181111
11,-2,20181112
12,1,20181113
9,-1,20181114
3,-5,20181115
2,-4,20181116
6,-5,20181117
6,-4,20181118
8,-3,20181119
4,-6,20181120
5,-6,20181121
9,-8,20181122
7,-5,20181123
9,-4,20181124
13,-3,20181125
8,-4,20181126
8,-4,20181127
9,-4,20181128
9,-2,20181129
8,-2,20181130
11,-2,20181201
4,-6,20181202
0,-11,20181203
0,-9,20181204
0,-12,20181205
-4,-15,20181206
-8,-17,20181207
-9,-17,20181208
-2,-13,20181209
-4,-17,20181210
-5,-16,20181211
-2,-14,20181212
0,-13,20181213
0,-10,20181214
1,-9,20181215
5,-8,20181216
7,-11,20181217
7,-8,20181218
5,-8,20181219
3,-7,20181220
1,-8,20181221
-2,-13,20181222
-3,-13,20181223
0,-12,20181224
-1,-11,20181225
0,-12,20181226
-10,-18,20181227
-11,-17,20181228
-8,-17,20181229
-5,-15,20181230
-3,-14,20181231
-3,-13,20190101
-2,-13,20190102
-2,-12,20190103
-4,-12,20190104
-1,-12,20190105
0,-11,20190106
-1,-12,20190107
-4,-12,20190108
-1,-11,20190109
-1,-12,20190110
0,-13,20190111
1,-12,20190112
3,-10,20190113
0,-14,20190114
-6,-16,20190115
-5,-15,20190116
0,-15,20190117
0,-9,20190118
0,-11,20190119
-2,-12,20190120
1,-14,20190121
2,-13,20190122
7,-12,20190123
1,-9,20190124
-1,-12,20190125
1,-10,20190126
0,-10,20190127
4,-8,20190128
3,-8,20190129
-4,-12,20190130
-3,-15,20190131
1,-14,20190201
1,-9,20190202
0,-9,20190203
7,-7,20190204
10,-5,20190205
5,-10,20190206
-4,-13,20190207
-1,-11,20190208
-3,-11,20190209
2,-7,20190210
2,-8,20190211
4,-7,20190212
5,-5,20190213
2,-10,20190214
0,-11,20190215
-2,-12,20190216
0,-7,20190217
1,-10,20190218
5,-11,20190219
7,-6,20190220
7,-2,20190221
9,-2,20190222
10,-1,20190223
7,-1,20190224
8,-3,20190225
7,-3,20190226
8,-2,20190227
8,-1,20190228
9,-2,20190301
10,0,20190302
13,-2,20190303
12,-1,20190304
11,-3,20190305
9,-1,20190306
9,-1,20190307
12,0,20190308
14,-1,20190309
11,-1,20190310
11,-3,20190311
9,-2,20190312
12,-1,20190313
13,-2,20190314
13,-1,20190315
15,2,20190316
15,0,20190317
20,4,20190318
16,4,20190319
10,-3,20190320
7,-3,20190321
10,-3,20190322
12,-1,20190323
15,0,20190324
18,0,20190325
20,3,20190326
19,4,20190327
14,0,20190328
13,-2,20190329
9,-1,20190330
14,0,20190331
18,3,20190401
18,5,20190402
20,7,20190403
24,8,20190404
25,9,20190405
25,7,20190406
24,8,20190407
21,3,20190408
17,5,20190409
15,1,20190410
15,4,20190411
21,8,20190412
17,3,20190413
18,6,20190414
20,5,20190415
29,9,20190416
33,14,20190417
27,14,20190418
29,15,20190419
25,11,20190420
28,14,20190421
28,12,20190422
30,14,20190423
24,12,20190424
27,11,20190425
21,10,20190426
19,8,20190427
23,9,20190428
20,6,20190429
20,6,20190430
22,10,20190501
25,12,20190502
21,12,20190503
27,14,20190504
23,10,20190505
16,8,20190506
13,6,20190507
16,5,20190508
18,9,20190509
23,9,20190510
25,6,20190511
15,4,20190512
23,7,20190513
26,13,20190514
25,12,20190515
28,14,20190516
32,15,20190517
24,7,20190518
17,3,20190519
21,6,20190520
27,10,20190521
30,15,20190522
30,15,20190523
32,17,20190524
28,12,20190525
21,10,20190526
20,9,20190527
24,12,20190528
25,14,20190529
26,13,20190530
24,12,20190531
30,14,20190601
31,16,20190602
32,16,20190603
28,14,20190604
30,17,20190605
33,18,20190606
25,15,20190607
31,15,20190608
32,19,20190609
31,18,20190610
32,19,20190611
26,15,20190612
30,18,20190613
30,17,20190614
24,13,20190615
30,17,20190616
33,19,20190617
32,20,20190618
26,19,20190619
26,18,20190620
26,18,20190621
25,17,20190622
24,16,20190623
29,19,20190624
29,17,20190625
20,13,20190626
24,14,20190627
29,14,20190628
30,15,20190629
29,16,20190630
31,19,20190701
33,18,20190702
33,20,20190703
34,18,20190704
30,17,20190705
28,14,20190706
29,16,20190707
24,14,20190708
26,14,20190709
29,15,20190710
31,18,20190711
32,19,20190712
33,19,20190713
33,20,20190714
28,18,20190715
27,18,20190716
30,21,20190717
30,21,20190718
30,18,20190719
32,21,20190720
27,18,20190721
30,18,20190722
33,18,20190723
30,18,20190724
34,20,20190725
35,20,20190726
32,18,20190727
29,18,20190728
32,17,20190729
33,18,20190730
32,18,20190731
33,19,20190801
31,18,20190802
29,18,20190803
31,18,20190804
34,20,20190805
34,19,20190806
34,21,20190807
26,17,20190808
33,18,20190809
31,17,20190810
30,17,20190811
31,18,20190812
28,17,20190813
31,18,20190814
35,16,20190815
28,15,20190816
28,16,20190817
32,20,20190818
29,18,20190819
24,17,20190820
27,18,20190821
22,15,20190822
22,15,20190823
27,16,20190824
29,18,20190825
28,16,20190826
26,14,20190827
30,14,20190828
29,13,20190829
28,13,20190830
29,13,20190831
29,14,20190901
28,14,20190902
27,15,20190903
28,15,20190904
28,15,20190905
29,16,20190906
30,17,20190907
27,16,20190908
22,13,20190909
24,15,20190910
25,15,20190911
20,11,20190912
21,10,20190913
24,11,20190914
24,11,20190915
24,12,20190916
26,12,20190917
24,12,20190918
18,8,20190919
25,10,20190920
24,10,20190921
24,10,20190922
25,10,20190923
26,11,20190924
26,10,20190925
25,10,20190926
26,11,20190927
28,11,20190928
28,11,20190929
28,14,20190930
29,13,20191001
26,13,20191002
24,10,20191003
18,6,20191004
19,9,20191005
16,5,20191006
20,5,20191007
21,7,20191008
17,7,20191009
23,6,20191010
22,8,20191011
19,7,20191012
19,4,20191013
13,3,20191014
6,2,20191015
14,4,20191016
15,3,20191017
21,4,20191018
19,4,20191019
18,3,20191020
20,3,20191021
20,6,20191022
17,0,20191023
10,-2,20191024
11,-1,20191025
15,0,20191026
15,0,20191027
17,1,20191028
18,0,20191029
17,1,20191030
16,3,20191031
15,2,20191101
16,1,20191102
16,1,20191103
17,2,20191104
14,2,20191105
16,3,20191106
14,2,20191107
15,3,20191108
10,-1,20191109
13,-2,20191110
15,0,20191111
7,-4,20191112
8,-3,20191113
15,-2,20191114
15,0,20191115
13,0,20191116
2,-8,20191117
5,-8,20191118
8,-4,20191119
8,-3,20191120
11,-1,20191121
10,-2,20191122
6,-5,20191123
0,-8,20191124
4,-7,20191125
4,-7,20191126
3,-4,20191127
2,-1,20191128
3,-2,20191129
1,-6,20191130
0,-9,20191201
1,-8,20191202
5,-7,20191203
3,-6,20191204
5,-7,20191205
3,-7,20191206
6,-9,20191207
5,-4,20191208
7,-4,20191209
5,-5,20191210
6,-6,20191211
5,-5,20191212
3,-5,20191213
6,-3,20191214
1,-5,20191215
1,-6,20191216
2,-8,20191217
3,-8,20191218
1,-8,20191219
3,-9,20191220
3,-9,20191221
4,-7,20191222
2,-7,20191223
4,-6,20191224
0,-9,20191225
2,-8,20191226
5,-5,20191227
7,-6,20191228
1,-11,20191229
-2,-15,20191230
2,-11,20191231
-4,-11,20110101
-6,-12,20110102
-5,-14,20110103
-6,-16,20110104
-9,-19,20110105
